{
  "accuracy": [
    0.8918470144271851,
    0.9375,
    0.9353028535842896,
    0.96875,
    0.942345142364502,
    0.90625,
    0.9491583704948425,
    0.84375,
    0.9539676904678345,
    0.96875,
    0.9604374170303345,
    0.9375,
    0.9639871716499329,
    0.90625,
    0.9655902981758118
  ],
  "loss": [
    0.24272000789642334,
    0.18343645334243774,
    0.15743248164653778,
    0.0497266910970211,
    0.1413414180278778,
    0.16103705763816833,
    0.12472467124462128,
    0.22526201605796814,
    0.11667011678218842,
    0.08117610216140747,
    0.10416287928819656,
    0.09719663113355637,
    0.08925777673721313,
    0.16569067537784576,
    0.0911482647061348
  ],
  "val_accuracy": [
    0.9591346383094788,
    0.9594017267227173,
    0.9706196784973145,
    0.9706196784973145,
    0.9700854420661926,
    0.9719551205635071,
    0.9732906222343445,
    0.973557710647583,
    0.9719551205635071,
    0.9719551205635071,
    0.9719551205635071,
    0.9716880321502686,
    0.9751602411270142,
    0.9751602411270142,
    0.976228654384613
  ],
  "val_loss": [
    0.17054051160812378,
    0.16821666061878204,
    0.09533414989709854,
    0.09552555531263351,
    0.08707147091627121,
    0.08526970446109772,
    0.07890299707651138,
    0.07904434949159622,
    0.08525220304727554,
    0.085265152156353,
    0.07536309957504272,
    0.0755511000752449,
    0.0644272118806839,
    0.06438932567834854,
    0.06296057999134064
  ],
  "learning_rate": [
    9.999999747378752e-05,
    9.999999747378752e-05,
    9.999999747378752e-05,
    9.999999747378752e-05,
    9.999999747378752e-05,
    9.999999747378752e-05,
    9.999999747378752e-05,
    9.999999747378752e-05,
    9.999999747378752e-05,
    1.9999999494757503e-05,
    1.9999999494757503e-05,
    1.9999999494757503e-05,
    1.9999999494757503e-05,
    1.9999999494757503e-05,
    1.9999999494757503e-05
  ]
}